"","Year","ESR_Region","Temperature","SD"
"1",2005,"Southeastern Bering Sea",3.91840451192591,0.295370981721328
"2",2009,"Southeastern Bering Sea",3.17159893393636,0.376184322065317
"3",2011,"Southeastern Bering Sea",3.46518788025629,0.363502351266469
"4",2013,"Southeastern Bering Sea",3.41470858235072,0.486165889510771
"5",2015,"Southeastern Bering Sea",4.06724853281645,0.189848620610557
"6",2017,"Southeastern Bering Sea",3.98549361977063,0.182883153085872
"7",2019,"Southeastern Bering Sea",4.13695877079632,0.169526835337342
"8",2021,"Southeastern Bering Sea",4.03812360129589,0.0503171333485207
